Cycle, Angle, AngleDot, AngleDotDot, Displacement, DisplacementDot, DisplacementDotDot
0, -1.25467, 0, -34.062, 0, 0, 13.2124
1, -1.95888, -0.614543, -30.7271, 0.00525785, 0.262893, 13.1446
2, -3.37457, -1.23541, -31.0436, 0.0157822, 0.526219, 13.1663
3, -5.51558, -1.86839, -31.6488, 0.0315877, 0.790273, 13.2027
4, -8.40109, -2.51808, -32.4846, 0.0526889, 1.05506, 13.2393
5, -10.6925, -1.99962, 25.9229, 0.0686551, 0.798312, -12.8374
6, -12.4212, -1.50857, 24.5529, 0.0795369, 0.544087, -12.7113
