Cycle, Angle, AngleDot, AngleDotDot, Displacement, DisplacementDot, DisplacementDotDot
0, -0.105568, 0, 24.0038, 0, 0, -12.7082
1, -0.797525, -0.603847, -30.1923, 0.00524223, 0.262111, 13.1056
2, -2.18884, -1.21416, -30.5154, 0.015736, 0.524689, 13.1289
3, -4.29378, -1.8369, -31.1374, 0.0314977, 0.788084, 13.1697
4, -7.13219, -2.47698, -32.0039, 0.0525451, 1.05237, 13.2144
5, -10.7274, -3.13745, -33.0235, 0.0788885, 1.31717, 13.2399
6, -15.1033, -3.81869, -34.062, 0.110517, 1.58142, 13.2124
